modelo,tamaño,estado,map50,map50_95,precision,recall,epochs_hechas,mejor_epoch,parado_por_tiempo,minutos,batch,params_M,gflops,inferencia_ms,peso_MB,gpu,error
yolov8n,,pendiente,,,,,,,,,,,,,,,
yolov9t,,pendiente,,,,,,,,,,,,,,,
yolov10n,,pendiente,,,,,,,,,,,,,,,
yolo11n,,pendiente,,,,,,,,,,,,,,,
yolo12n,,pendiente,,,,,,,,,,,,,,,
yolo26n,,pendiente,,,,,,,,,,,,,,,
yolov9e,,pendiente,,,,,,,,,,,,,,,
yolo12x,,pendiente,,,,,,,,,,,,,,,
yolov8x,,pendiente,,,,,,,,,,,,,,,
yolov10x,,pendiente,,,,,,,,,,,,,,,
yolo11x,,pendiente,,,,,,,,,,,,,,,
yolo26x,,pendiente,,,,,,,,,,,,,,,
