archivo,estado,editada
"10.png",bien,no
"100.png",bien,si
"1000.png",bien,no
"1001.png",bien,si
"1002.png",bien,no
"1003.png",bien,no
"1004.png",bien,no
"1005.png",bien,no
"1006.png",bien,no
"1007.png",bien,si
"1008.png",bien,no
"1009.png",bien,no
"101.png",bien,no
"1010.png",bien,si
"1011.png",bien,si
"1012.png",bien,no
"1013.png",bien,si
"1014.png",bien,no
"1015.png",bien,no
"1016.png",bien,si
"1017.png",bien,no
"1018.png",bien,no
"1019.png",bien,no
"102.png",bien,no
"1020.png",bien,si
"1021.png",bien,si
"1022.png",bien,no
"1023.png",bien,no
"1024.png",bien,no
"1025.png",bien,no
"1026.png",bien,si
"1027.png",bien,no
"1028.png",bien,no
"1029.png",bien,no
"103.png",bien,no
"1030.png",bien,no
"1031.png",bien,no
"1032.png",bien,no
"1033.png",bien,no
"1034.png",bien,no
"1035.png",bien,no
"1036.png",bien,no
"1037.png",bien,no
"1038.png",bien,si
"1039.png",bien,no
"104.png",bien,no
"1040.png",bien,no
"1041.png",bien,no
"1042.png",bien,si
"1043.png",bien,no
"1044.png",bien,si
"1045.png",bien,no
"1046.png",bien,no
"1047.png",bien,no
"1048.png",bien,no
"1049.png",bien,si
"105.png",bien,si
"1050.png",bien,no
"1051.png",bien,si
"1052.png",bien,si
"1053.png",bien,no
"1054.png",bien,no
"1055.png",bien,no
"1056.png",bien,no
"1057.png",bien,no
"1058.png",bien,si
"1059.png",bien,no
"106.png",bien,no
"1060.png",bien,no
"1061.png",bien,no
"1062.png",bien,no
"1063.png",bien,no
"1064.png",bien,si
"1065.png",bien,si
"1066.png",bien,no
"1067.png",bien,no
"1068.png",bien,no
"1069.png",bien,no
"107.png",bien,no
"1070.png",bien,si
"1071.png",bien,no
"1072.png",bien,no
"1073.png",bien,no
"1074.png",bien,no
"1075.png",bien,si
"1076.png",bien,no
"1077.png",bien,si
"1078.png",bien,no
"1079.png",bien,no
"108.png",bien,no
"1080.png",bien,no
"1081.png",bien,si
"1082.png",bien,si
"1083.png",bien,si
"1084.png",bien,si
"1085.png",bien,si
"1086.png",bien,si
"1087.png",bien,si
"1088.png",bien,si
"1089.png",bien,no
"109.png",bien,no
"1090.png",bien,no
"1091.png",bien,no
"1092.png",bien,si
"1093.png",bien,si
"1094.png",bien,no
"1095.png",bien,no
"1096.png",bien,si
"1097.png",bien,si
"1098.png",bien,si
"1099.png",bien,no
"11.png",bien,si
"110.png",bien,no
"1100.png",bien,no
"1101.png",bien,no
"1102.png",bien,no
"1103.png",bien,no
"1104.png",bien,si
"1105.png",bien,no
"1106.png",bien,si
"1107.png",bien,si
"1108.png",bien,no
"111.png",bien,si
"1110.png",bien,si
"1111.png",bien,no
"1112.png",bien,no
"1113.png",bien,si
"1114.png",bien,no
"1115.png",bien,no
"1116.png",bien,no
"1117.png",bien,no
"1118.png",bien,no
"1119.png",bien,no
"112.png",bien,si
"1120.png",bien,no
"1121.png",bien,no
"1122.png",bien,no
"1123.png",bien,no
"1124.png",bien,si
"1126.png",bien,no
"1127.png",bien,no
"1128.png",bien,no
"1129.png",bien,no
"113.png",bien,no
"1130.png",bien,no
"1131.png",bien,no
"1132.png",bien,no
"1133.png",bien,no
"1134.png",bien,no
"1135.png",bien,no
"1136.png",bien,si
"1137.png",bien,si
"1138.png",bien,no
"1139.png",bien,no
"114.png",bien,no
"1140.png",bien,no
"1141.png",bien,si
"1142.png",bien,no
"1143.png",bien,no
"1144.png",bien,no
"1145.png",bien,no
"1146.png",bien,no
"1147.png",bien,no
"1148.png",bien,no
"1149.png",bien,si
"115.png",bien,no
"1150.png",bien,no
"1151.png",bien,no
"1152.png",bien,si
"1153.png",bien,si
"1154.png",bien,no
"1156.png",bien,si
"1157.png",bien,no
"1158.png",bien,no
"1159.png",bien,no
"116.png",bien,no
"1160.png",bien,no
"1163.png",bien,no
"1164.png",bien,no
"1165.png",bien,no
"1166.png",bien,no
"1167.png",bien,no
"1168.png",bien,no
"1169.png",bien,no
"117.png",bien,no
"1170.png",bien,no
"1171.png",bien,no
"1172.png",bien,si
"1173.png",bien,no
"1174.png",bien,no
"1175.png",bien,si
"1176.png",bien,si
"1177.png",bien,no
"1178.png",bien,no
"1179.png",bien,no
"118.png",bien,no
"1180.png",bien,si
"1181.png",bien,si
"1182.png",bien,si
"1183.png",bien,no
"1184.png",bien,no
"1185.png",bien,no
"1186.png",bien,no
"1187.png",bien,no
"1188.png",bien,si
"1189.png",bien,no
"119.png",bien,si
"1190.png",bien,si
"1191.png",bien,no
"1192.png",bien,no
"1193.png",bien,no
"1194.png",bien,no
"1195.png",bien,no
"1196.png",bien,no
"1197.png",bien,no
"1198.png",bien,no
"1199.png",bien,si
"12.png",bien,no
"120.png",bien,no
"1200.png",bien,no
"1201.png",bien,si
"1202.png",bien,no
"1203.png",bien,no
"1204.png",bien,no
"1205.png",bien,no
"1206.png",bien,no
"1207.png",bien,no
"1208.png",bien,no
"1209.png",bien,si
"121.png",bien,no
"1210.png",bien,no
"1211.png",bien,no
"1212.png",bien,si
"1213.png",bien,no
"1214.png",bien,no
"1215.png",bien,no
"1216.png",bien,no
"1217.png",bien,si
"1218.png",bien,si
"1219.png",bien,si
"122.png",bien,si
"1220.png",bien,si
"1221.png",bien,si
"1222.png",bien,no
"1223.png",bien,no
"1224.png",bien,no
"1225.png",bien,no
"1226.png",bien,si
"1227.png",bien,si
"1228.png",bien,no
"1229.png",bien,si
"123.png",bien,no
"1230.png",bien,si
"1231.png",bien,no
"1232.png",bien,no
"1233.png",bien,si
"1234.png",bien,no
"1235.png",bien,no
"1236.png",bien,no
"1237.png",bien,no
"1238.png",bien,no
"1239.png",bien,no
"124.png",bien,no
"1240.png",bien,no
"1241.png",bien,no
"1242.png",bien,no
"1243.png",bien,no
"1244.png",bien,no
"1245.png",bien,si
"1246.png",bien,si
"1247.png",bien,no
"1248.png",bien,no
"1249.png",bien,no
"125.png",bien,no
"1250.png",bien,no
"1251.png",bien,no
"1252.png",bien,si
"1253.png",bien,no
"1254.png",bien,si
"1255.png",bien,no
"1256.png",bien,no
"1257.png",bien,no
"1258.png",bien,si
"1259.png",bien,no
"126.png",bien,no
"1260.png",bien,no
"1261.png",bien,no
"1262.png",bien,no
"1263.png",bien,no
"1264.png",bien,si
"1265.png",bien,si
"1266.png",bien,no
"1267.png",bien,no
"1268.png",bien,si
"1269.png",bien,no
"127.png",bien,no
